bytes,average_time_ms
8,12.6
1032,12.6
2056,12.7
3080,12.7
4104,12.6
5128,12.6
6152,13.9
7176,13.0
8200,13.9
9224,13.3
10248,13.4
11272,13.8
12296,14.3
13320,13.4
14344,13.8
15368,13.7
16392,13.9
17416,13.7
18440,14.6
19464,14.0
20488,14.1
21512,14.3
22536,14.3
23560,14.5
24584,14.5
25608,14.5
26632,15.4
27656,15.6
28680,15.2
29704,14.9
30728,15.4
31752,15.7
32776,15.4
33800,15.6
34824,16.0
35848,15.6
36872,15.4
37896,15.7
38920,16.3
39944,16.7
40968,16.4
41992,16.5
43016,16.7
44040,16.4
45064,18.3
46088,18.0
47112,17.7
48136,16.5
49160,16.7
50184,17.0
51208,18.1
52232,17.5
53256,17.0
54280,17.1
55304,17.2
56328,17.8
57352,18.4
58376,17.9
59400,17.9
60424,25.4
61448,19.0
62472,18.1
63496,18.4
64520,18.3
65544,18.9
66568,19.1
67592,19.4
68616,18.8
69640,19.2
70664,19.3
71688,20.2
72712,20.3
73736,19.6
74760,20.2
75784,19.8
76808,20.6
77832,21.3
78856,20.1
79880,20.1
80904,20.2
81928,20.9
82952,20.4
83976,20.7
85000,21.1
86024,21.3
87048,20.9
88072,21.4
89096,21.3
90120,20.8
91144,21.4
92168,22.6
93192,24.2
94216,21.5
95240,23.3
96264,23.0
97288,22.3
98312,21.3
99336,22.2
100360,23.1
101384,22.6
102408,22.5
103432,23.0
104456,22.2
105480,23.5
106504,22.3
107528,22.5
108552,23.3
109576,21.9
110600,24.2
111624,23.0
112648,24.1
113672,22.8
114696,24.0
115720,23.5
116744,23.9
117768,23.4
118792,24.9
119816,23.9
120840,23.7
121864,24.6
122888,23.5
123912,24.1
124936,24.2
125960,25.0
126984,24.1
128008,24.2
129032,24.7
130056,24.2
131080,24.3
132104,24.1
133128,24.6
134152,24.3
135176,25.2
136200,25.2
137224,64.7
138248,25.3
139272,25.1
140296,24.9
141320,36.4
142344,62.6
143368,68.5
144392,25.5
145416,26.0
146440,26.0
147464,26.2
148488,25.8
149512,25.9
150536,63.6
151560,25.9
152584,26.4
153608,26.9
154632,67.5
155656,26.8
156680,26.6
157704,63.9
158728,26.5
159752,26.5
160776,27.3
161800,26.6
162824,27.7
163848,27.4
164872,27.7
165896,63.7
166920,68.8
167944,27.6
168968,69.0
169992,28.6
171016,64.9
172040,35.0
173064,29.7
174088,30.7
175112,29.4
176136,28.1
177160,72.9
178184,31.5
179208,32.1
180232,29.4
181256,29.0
182280,29.4
183304,82.4
184328,37.0
185352,35.0
186376,33.2
187400,31.1
188424,30.3
189448,71.7
190472,32.7
191496,30.6
192520,30.7
193544,30.2
194568,40.7
195592,35.5
196616,33.8
197640,34.3
198664,31.5
199688,44.7
200712,34.6
201736,33.9
202760,32.7
203784,32.3
204808,72.5
205832,35.7
206856,34.6
207880,34.0
208904,35.2
209928,44.2
210952,37.9
211976,34.2
213000,45.4
214024,36.6
215048,37.7
216072,35.4
217096,44.2
218120,37.5
219144,54.6
220168,37.6
221192,46.4
222216,37.6
223240,35.6
224264,35.2
225288,48.0
226312,37.1
227336,38.6
228360,35.3
229384,44.9
230408,39.0
231432,35.7
232456,35.4
233480,44.3
234504,39.4
235528,50.8
236552,45.3
237576,39.0
238600,37.4
239624,38.0
240648,44.4
241672,36.6
242696,45.6
243720,40.9
244744,38.5
245768,47.7
246792,40.2
247816,39.6
248840,38.0
249864,37.6
250888,51.2
251912,39.9
252936,37.9
253960,47.6
254984,45.7
256008,40.1
257032,38.3
258056,48.3
259080,57.8
260104,40.4
261128,37.3
262152,38.3
263176,49.8
264200,40.9
265224,38.8
266248,53.2
267272,40.2
268296,38.9
269320,51.3
270344,40.8
271368,49.5
272392,44.0
273416,42.2
274440,39.6
275464,51.3
276488,41.9
277512,40.2
278536,39.7
279560,48.4
280584,41.8
281608,41.3
282632,53.0
283656,45.2
284680,44.7
285704,54.2
286728,43.6
287752,55.0
288776,46.0
289800,41.4
290824,53.0
291848,43.8
292872,42.9
293896,65.2
294920,57.0
295944,53.4
296968,44.9
297992,45.1
299016,52.0
300040,43.7
301064,42.4
302088,41.5
303112,41.9
304136,55.8
305160,42.1
306184,40.9
307208,53.6
308232,52.5
309256,49.3
310280,55.1
311304,50.3
312328,47.8
313352,46.3
314376,58.2
315400,45.6
316424,45.0
317448,52.2
318472,46.8
319496,45.4
320520,43.8
321544,54.9
322568,47.4
323592,45.4
324616,58.9
325640,47.2
326664,55.8
327688,50.0
328712,47.5
329736,54.1
330760,56.4
331784,52.8
332808,51.0
333832,46.7
334856,57.2
335880,47.2
336904,44.8
337928,55.6
338952,49.6
339976,46.5
341000,64.8
342024,57.4
343048,49.0
344072,45.4
345096,57.0
346120,47.2
347144,45.7
348168,44.5
349192,60.3
350216,48.3
351240,58.4
352264,50.3
353288,57.5
354312,55.2
355336,56.1
356360,51.1
357384,47.7
358408,56.2
359432,50.5
360456,47.4
361480,47.1
362504,57.1
363528,53.6
364552,58.9
365576,51.3
366600,54.7
367624,55.7
368648,57.2
369672,56.7
370696,51.8
371720,54.7
372744,55.3
373768,50.5
374792,54.9
375816,53.0
376840,49.4
377864,53.3
378888,61.6
379912,57.1
380936,53.5
381960,57.5
382984,51.0
384008,53.8
385032,54.8
386056,51.9
387080,57.3
388104,54.4
389128,58.4
390152,54.5
391176,51.2
392200,58.0
393224,52.4
394248,60.4
395272,56.1
396296,60.0
397320,55.3
398344,58.5
399368,57.8
400392,51.1
401416,58.7
402440,70.9
403464,59.7
404488,56.7
405512,59.2
406536,53.4
407560,55.8
408584,56.9
409608,53.6
410632,69.3
411656,60.0
412680,56.2
413704,59.3
414728,55.9
415752,52.9
416776,60.3
417800,58.0
418824,58.2
419848,57.3
420872,53.8
421896,63.6
422920,60.6
423944,60.9
424968,59.4
425992,60.9
427016,55.1
428040,62.2
429064,56.7
430088,56.7
431112,62.5
432136,62.8
433160,65.2
434184,67.2
435208,56.8
436232,61.7
437256,56.4
438280,55.0
439304,61.3
440328,63.9
441352,61.6
442376,56.1
443400,61.3
444424,57.1
445448,62.0
446472,60.1
447496,60.3
448520,67.6
449544,65.7
450568,63.9
451592,63.0
452616,67.4
453640,60.7
454664,68.0
455688,58.8
456712,62.8
457736,62.4
458760,61.2
459784,62.1
460808,58.9
461832,64.3
462856,80.3
463880,63.2
464904,65.9
465928,61.3
466952,68.4
467976,63.5
469000,63.5
470024,62.6
471048,70.0
472072,60.6
473096,66.0
474120,74.1
475144,64.6
476168,58.4
477192,82.2
478216,63.4
479240,70.2
480264,63.0
481288,64.1
482312,68.9
483336,70.3
484360,64.2
485384,65.2
486408,61.4
487432,70.8
488456,65.0
489480,65.2
490504,61.6
491528,69.3
492552,63.8
493576,58.8
494600,68.3
495624,62.9
496648,64.4
497672,63.7
498696,67.2
499720,65.8
500744,61.9
501768,65.7
502792,61.7
503816,65.2
504840,65.0
505864,64.6
506888,67.8
507912,91.4
508936,78.4
509960,69.9
510984,63.7
512008,67.7
513032,65.6
514056,70.1
515080,66.0
516104,74.5
517128,64.4
518152,80.5
519176,64.3
520200,75.4
521224,66.6
522248,77.1
523272,69.1
524296,62.3
525320,67.5
526344,64.1
527368,68.5
528392,75.8
529416,70.7
530440,64.7
531464,67.7
532488,83.0
533512,65.8
534536,88.6
535560,77.7
536584,64.5
537608,78.5
538632,81.2
539656,73.1
540680,69.6
541704,79.3
542728,66.7
543752,84.9
544776,76.2
545800,66.4
546824,66.5
547848,65.0
548872,70.3
549896,68.2
550920,71.1
551944,80.9
552968,70.1
553992,88.0
555016,76.2
556040,76.1
557064,71.9
558088,77.6
559112,66.1
560136,75.2
561160,87.6
562184,76.9
563208,73.1
564232,73.7
565256,73.0
566280,85.8
567304,82.5
568328,78.1
569352,72.3
570376,67.1
571400,74.1
572424,76.2
573448,76.4
574472,77.1
575496,78.2
576520,77.7
577544,77.3
578568,75.2
579592,75.8
580616,82.5
581640,82.0
582664,80.6
583688,80.6
584712,85.7
585736,93.8
586760,82.7
587784,77.0
588808,78.0
589832,74.3
590856,106.1
591880,94.0
592904,71.2
593928,81.5
594952,71.4
595976,77.4
597000,80.7
598024,76.9
599048,83.2
600072,72.7
601096,86.2
602120,81.6
603144,83.9
604168,88.4
605192,78.6
606216,80.8
607240,72.8
608264,80.9
609288,77.2
610312,94.6
611336,79.3
612360,79.0
613384,84.1
614408,85.2
615432,95.2
616456,81.4
617480,76.0
618504,78.0
619528,85.3
620552,74.9
621576,77.6
622600,82.3
623624,80.0
624648,79.8
625672,88.4
626696,90.7
627720,77.2
628744,79.8
629768,82.8
630792,75.3
631816,78.6
632840,83.2
633864,103.9
634888,91.6
635912,75.9
636936,76.0
637960,94.0
638984,90.0
640008,90.5
641032,84.3
642056,75.1
643080,92.1
644104,80.9
645128,87.0
646152,77.4
647176,72.3
648200,77.7
649224,82.3
650248,77.3
651272,79.7
652296,74.3
653320,76.7
654344,76.4
655368,79.8
656392,78.2
657416,86.7
658440,76.7
659464,77.6
660488,79.6
661512,85.0
662536,82.0
663560,79.2
664584,101.7
665608,96.6
666632,75.2
667656,82.8
668680,85.9
669704,77.7
670728,84.2
671752,88.6
672776,78.6
673800,83.8
674824,79.8
675848,84.3
676872,81.2
677896,78.5
678920,75.0
679944,86.7
680968,80.6
681992,80.9
683016,82.9
684040,92.7
685064,87.7
686088,86.6
687112,82.4
688136,83.3
689160,79.0
690184,83.7
691208,77.9
692232,85.1
693256,78.8
694280,82.5
695304,88.3
696328,81.7
697352,89.1
698376,95.2
699400,87.1
700424,93.3
701448,89.5
702472,99.4
703496,93.9
704520,82.9
705544,88.0
706568,87.5
707592,84.6
708616,90.7
709640,83.7
710664,123.1
711688,87.4
712712,105.0
713736,89.2
714760,90.9
715784,92.1
716808,97.7
717832,98.8
718856,92.3
719880,88.4
720904,84.7
721928,94.0
722952,102.7
723976,98.8
725000,94.0
726024,100.8
727048,109.6
728072,91.5
729096,103.0
730120,95.0
731144,95.3
732168,93.0
733192,109.8
734216,116.5
735240,100.9
736264,87.2
737288,96.3
738312,87.0
739336,91.0
740360,96.4
741384,94.8
742408,94.6
743432,91.8
744456,88.3
745480,93.0
746504,104.0
747528,94.7
748552,97.1
749576,97.6
750600,92.9
751624,99.7
752648,99.5
753672,98.6
754696,96.2
755720,90.3
756744,100.9
757768,87.2
758792,89.8
759816,95.3
760840,86.8
761864,85.2
762888,93.2
763912,98.7
764936,88.4
765960,92.4
766984,88.0
768008,87.7
769032,92.7
770056,113.5
771080,104.1
772104,90.1
773128,93.1
774152,98.2
775176,91.2
776200,133.2
777224,94.4
778248,95.8
779272,95.8
780296,107.8
781320,105.7
782344,104.0
783368,94.9
784392,91.3
785416,88.3
786440,90.6
787464,93.2
788488,93.8
789512,100.8
790536,94.3
791560,90.4
792584,88.4
793608,93.8
794632,116.9
795656,126.4
796680,110.9
797704,102.4
798728,86.9
799752,139.7
800776,103.5
801800,104.4
802824,97.3
803848,106.9
804872,95.0
805896,96.0
806920,115.1
807944,115.6
808968,101.1
809992,97.7
811016,107.8
812040,110.3
813064,103.0
814088,114.7
815112,114.9
816136,102.7
817160,99.3
818184,93.5
819208,106.4
820232,117.1
821256,114.5
822280,118.0
823304,93.7
824328,95.8
825352,103.9
826376,96.0
827400,98.0
828424,100.4
829448,101.1
830472,98.2
831496,99.1
832520,98.6
833544,98.0
834568,98.8
835592,101.1
836616,105.5
837640,99.9
838664,100.9
839688,100.7
840712,122.7
841736,97.3
842760,103.1
843784,101.4
844808,99.2
845832,106.9
846856,104.9
847880,100.1
848904,101.0
849928,96.4
850952,103.2
851976,101.1
853000,101.3
854024,102.5
855048,104.3
856072,113.3
857096,126.8
858120,105.8
859144,93.5
860168,105.1
861192,105.4
862216,100.2
863240,105.5
864264,117.9
865288,109.7
866312,112.9
867336,109.7
868360,97.7
869384,110.2
870408,97.1
871432,110.1
872456,114.4
873480,116.1
874504,108.3
875528,117.0
876552,113.6
877576,104.4
878600,114.1
879624,98.0
880648,102.9
881672,104.5
882696,112.6
883720,111.5
884744,106.5
885768,102.8
886792,107.1
887816,100.8
888840,106.7
889864,104.6
890888,110.5
891912,102.2
892936,104.5
893960,109.8
894984,119.2
896008,113.7
897032,103.3
898056,104.0
899080,105.9
900104,107.3
901128,100.7
902152,107.8
903176,96.1
904200,100.8
905224,114.8
906248,108.7
907272,104.5
908296,106.3
909320,108.5
910344,104.8
911368,105.9
912392,118.6
913416,96.3
914440,132.3
915464,111.0
916488,99.1
917512,121.3
918536,116.1
919560,118.2
920584,118.6
921608,103.7
922632,101.3
923656,108.6
924680,104.3
925704,101.2
926728,112.5
927752,121.0
928776,113.2
929800,108.8
930824,127.5
931848,133.1
932872,125.2
933896,118.0
934920,112.9
935944,109.1
936968,108.7
937992,110.1
939016,104.9
940040,114.8
941064,128.7
942088,110.0
943112,114.5
944136,112.6
945160,120.8
946184,113.8
947208,118.8
948232,118.6
949256,110.5
950280,117.0
951304,123.8
952328,115.2
953352,110.2
954376,132.7
955400,120.5
956424,121.8
957448,130.8
958472,119.8
959496,126.6
960520,115.9
961544,118.4
962568,114.0
963592,105.3
964616,118.4
965640,124.7
966664,146.7
967688,112.2
968712,106.5
969736,113.6
970760,109.7
971784,120.6
972808,117.6
973832,112.5
974856,120.7
975880,112.8
976904,115.6
977928,123.5
978952,118.7
979976,122.3
981000,122.4
982024,108.8
983048,125.7
984072,122.3
985096,123.2
986120,121.6
987144,113.6
988168,122.8
989192,125.6
990216,121.9
991240,109.5
992264,130.4
993288,128.1
994312,110.0
995336,110.8
996360,117.0
997384,113.5
998408,120.4
999432,116.6
1000456,115.0
1001480,122.3
1002504,113.9
1003528,120.8
1004552,115.0
1005576,122.9
1006600,121.0
1007624,119.0
1008648,119.3
1009672,126.1
1010696,117.1
1011720,133.4
1012744,131.2
1013768,125.3
1014792,117.2
1015816,125.7
1016840,136.6
1017864,161.4
1018888,126.2
1019912,122.7
1020936,126.5
1021960,130.1
1022984,128.0
1024008,120.4
1025032,141.3
1026056,130.0
1027080,128.2
1028104,115.8
1029128,142.3
1030152,143.1
1031176,125.8
1032200,124.0
1033224,130.8
1034248,128.9
1035272,131.5
1036296,123.0
1037320,130.2
1038344,127.5
1039368,119.7
1040392,142.3
1041416,126.5
1042440,124.3
1043464,129.1
1044488,121.3
1045512,137.7
1046536,117.6
1047560,131.9
1048584,124.5
1049608,135.5
1050632,127.9
1051656,129.4
1052680,124.2
1053704,115.1
1054728,121.7
1055752,131.6
1056776,124.6
1057800,126.9
1058824,126.4
1059848,123.1
1060872,134.9
1061896,131.7
1062920,122.9
1063944,114.0
1064968,121.5
1065992,138.4
1067016,128.3
1068040,123.0
1069064,119.5
1070088,120.6
1071112,128.1
1072136,132.0
1073160,118.9
1074184,122.5
1075208,137.1
1076232,122.7
1077256,127.4
1078280,120.6
1079304,185.8
1080328,138.5
1081352,138.8
1082376,132.9
1083400,138.2
1084424,128.1
1085448,136.6
1086472,136.1
1087496,126.4
1088520,140.8
1089544,141.0
1090568,132.6
1091592,132.4
1092616,136.8
1093640,137.0
1094664,150.6
1095688,136.5
1096712,136.7
1097736,135.8
1098760,142.0
1099784,147.6
1100808,141.5
1101832,143.3
1102856,132.0
1103880,149.5
1104904,135.5
1105928,155.3
1106952,148.3
1107976,139.5
1109000,152.0
1110024,144.3
1111048,163.9
1112072,150.2
1113096,134.3
1114120,140.7
1115144,165.3
1116168,147.5
1117192,143.1
1118216,137.9
1119240,137.4
1120264,143.7
1121288,136.2
1122312,759.5
1123336,176.1
1124360,135.8
1125384,138.8
1126408,158.3
1127432,160.7
1128456,137.5
1129480,139.9
1130504,139.0
1131528,131.5
1132552,135.8
1133576,148.3
1134600,139.7
1135624,135.6
1136648,147.9
1137672,132.4
1138696,146.9
1139720,147.9
1140744,134.2
1141768,141.0
1142792,136.3
1143816,143.8
1144840,145.4
1145864,141.2
1146888,167.6
1147912,148.9
1148936,137.7
1149960,153.0
1150984,145.2
1152008,173.1
1153032,140.5
1154056,141.8
1155080,149.6
1156104,137.5
1157128,136.3
1158152,152.5
1159176,175.3
1160200,143.4
1161224,157.3
1162248,140.3
1163272,140.9
1164296,134.5
1165320,151.0
1166344,156.9
1167368,143.3
1168392,146.4
1169416,159.2
1170440,158.2
1171464,158.4
1172488,149.2
1173512,165.1
1174536,144.2
1175560,168.9
1176584,211.0
1177608,207.1
1178632,290.4
1179656,282.8
1180680,285.9
1181704,237.5
1182728,297.0
1183752,233.0
1184776,277.6
1185800,275.5
1186824,300.0
1187848,246.1
1188872,298.6
1189896,250.6
1190920,340.0
1191944,275.0
1192968,238.5
1193992,248.1
1195016,256.5
1196040,227.4
1197064,272.2
1198088,506.5
1199112,280.4
1200136,355.6
1201160,269.3
1202184,392.1
1203208,371.6
1204232,331.2
1205256,160.8
1206280,349.4
1207304,309.0
1208328,207.1
1209352,337.9
1210376,220.6
1211400,325.5
1212424,269.6
1213448,277.9
1214472,153.3
1215496,364.7
1216520,168.7
1217544,145.4
1218568,232.4
1219592,302.8
1220616,273.7
1221640,175.3
1222664,240.9
1223688,220.5
1224712,169.4
1225736,175.1
1226760,234.6
1227784,161.7
1228808,143.9
1229832,162.8
1230856,182.1
1231880,274.5
1232904,157.1
1233928,206.4
1234952,155.7
1235976,151.0
1237000,141.4
1238024,161.4
1239048,152.9
1240072,144.2
1241096,159.9
1242120,165.3
1243144,190.1
1244168,344.8
1245192,166.5
1246216,148.2
1247240,167.2
1248264,147.5
1249288,153.3
1250312,172.7
1251336,151.3
1252360,156.6
1253384,150.9
1254408,168.3
1255432,159.4
1256456,167.9
1257480,156.6
1258504,157.6
1259528,168.0
1260552,162.0
1261576,150.8
1262600,191.6
1263624,283.5
1264648,187.7
1265672,150.9
1266696,142.7
1267720,163.8
1268744,150.1
1269768,152.4
1270792,167.7
1271816,138.0
1272840,142.7
1273864,153.0
1274888,149.3
1275912,142.2
1276936,164.8
1277960,163.2
1278984,144.7
1280008,162.2
1281032,147.4
1282056,164.5
1283080,151.1
1284104,145.2
1285128,164.2
1286152,152.8
1287176,152.8
1288200,146.7
1289224,148.9
1290248,168.0
1291272,161.1
1292296,152.2
1293320,146.3
1294344,142.2
1295368,158.0
1296392,153.5
1297416,161.5
1298440,163.1
1299464,164.9
1300488,162.8
1301512,159.7
1302536,148.4
1303560,179.7
1304584,161.2
1305608,163.2
1306632,152.6
1307656,147.6
1308680,153.9
1309704,160.9
1310728,182.2
1311752,144.3
1312776,158.3
1313800,153.2
1314824,155.6
1315848,161.2
1316872,146.9
1317896,149.6
1318920,153.3
1319944,163.1
1320968,152.1
1321992,150.0
1323016,157.2
1324040,154.4
1325064,162.3
1326088,157.0
1327112,151.2
1328136,173.9
1329160,148.1
1330184,174.2
1331208,170.9
1332232,156.2
1333256,178.3
1334280,158.4
1335304,156.1
1336328,169.1
1337352,160.4
1338376,163.8
1339400,163.9
1340424,172.8
1341448,163.7
1342472,149.8
1343496,161.3
1344520,152.9
1345544,149.9
1346568,165.9
1347592,156.7
1348616,180.8
1349640,168.1
1350664,159.1
1351688,157.0
1352712,171.3
1353736,150.6
1354760,163.8
1355784,177.5
1356808,172.7
1357832,167.2
1358856,181.8
1359880,163.3
1360904,170.6
1361928,179.9
1362952,174.5
1363976,163.3
1365000,150.2
1366024,159.8
1367048,166.9
1368072,157.7
1369096,177.6
1370120,159.7
1371144,149.0
1372168,168.7
1373192,165.2
1374216,151.1
1375240,164.6
1376264,159.7
1377288,171.9
1378312,158.3
1379336,155.7
1380360,156.2
1381384,176.5
1382408,163.7
1383432,156.6
1384456,210.6
1385480,210.4
1386504,192.9
1387528,166.0
1388552,162.7
1389576,172.2
1390600,200.2
1391624,181.1
1392648,167.2
1393672,172.9
1394696,170.3
1395720,163.0
1396744,178.5
1397768,177.8
1398792,173.4
1399816,171.9
1400840,173.1
1401864,172.0
1402888,182.2
1403912,170.2
1404936,183.6
1405960,176.3
1406984,188.7
1408008,183.9
1409032,170.2
1410056,172.0
1411080,179.6
1412104,187.0
1413128,174.4
1414152,174.8
1415176,177.7
1416200,181.5
1417224,175.9
1418248,167.5
1419272,174.7
1420296,215.0
1421320,193.4
1422344,182.0
1423368,173.0
1424392,175.1
1425416,171.7
1426440,181.6
1427464,180.4
1428488,168.7
1429512,158.9
1430536,176.3
1431560,183.6
1432584,173.2
1433608,176.7
1434632,169.6
1435656,190.1
1436680,175.5
1437704,177.3
1438728,174.4
1439752,175.4
1440776,171.2
1441800,159.0
1442824,157.1
1443848,179.1
1444872,174.0
1445896,179.9
1446920,170.6
1447944,166.2
1448968,173.9
1449992,158.8
1451016,167.7
1452040,173.0
1453064,192.1
1454088,177.6
1455112,176.1
1456136,213.8
1457160,173.3
1458184,181.7
1459208,180.8
1460232,183.8
1461256,195.4
1462280,185.2
1463304,176.3
1464328,194.2
1465352,176.1
1466376,182.7
1467400,180.5
1468424,183.0
1469448,188.9
1470472,187.3
1471496,190.8
1472520,179.5
1473544,183.3
1474568,178.8
1475592,193.2
1476616,191.3
1477640,176.9
1478664,182.0
1479688,186.7
1480712,172.7
1481736,179.5
1482760,178.3
1483784,157.9
1484808,166.2
1485832,168.1
1486856,168.2
1487880,171.8
1488904,188.3
1489928,185.8
1490952,184.8
1491976,183.4
1493000,157.9
1494024,179.5
1495048,163.1
1496072,183.4
1497096,160.6
1498120,174.6
1499144,178.9
1500168,168.4
1501192,168.4
1502216,164.7
1503240,179.3
1504264,171.3
1505288,172.5
1506312,182.5
1507336,191.7
1508360,415.3
1509384,187.3
1510408,170.7
1511432,165.5
1512456,181.4
1513480,189.5
1514504,167.1
1515528,184.4
1516552,183.9
1517576,181.2
1518600,176.7
1519624,202.0
1520648,176.1
1521672,189.1
1522696,183.8
1523720,211.0
1524744,174.5
1525768,180.0
1526792,175.9
1527816,186.9
1528840,185.2
1529864,192.1
1530888,172.4
1531912,183.7
1532936,193.7
1533960,181.0
1534984,187.2
1536008,195.0
1537032,182.0
1538056,166.7
1539080,171.7
1540104,179.6
1541128,192.4
1542152,184.9
1543176,211.3
1544200,195.4
1545224,198.1
1546248,183.1
1547272,186.1
1548296,202.1
1549320,196.0
1550344,178.1
1551368,197.6
1552392,183.5
1553416,185.5
1554440,178.5
1555464,175.2
1556488,203.8
1557512,190.2
1558536,182.8
1559560,170.1
1560584,176.5
1561608,173.6
1562632,177.5
1563656,181.3
1564680,175.7
1565704,163.6
1566728,160.1
1567752,171.1
1568776,199.9
1569800,172.4
1570824,161.6
1571848,178.5
1572872,182.9
1573896,167.8
1574920,184.1
1575944,170.0
1576968,179.3
1577992,170.1
1579016,171.6
1580040,169.1
1581064,171.8
1582088,190.4
1583112,180.2
1584136,175.5
1585160,181.4
1586184,174.3
1587208,194.2
1588232,191.0
1589256,181.1
1590280,195.7
1591304,199.8
1592328,189.9
1593352,196.7
1594376,196.0
1595400,198.5
1596424,196.1
1597448,183.1
1598472,198.1
1599496,196.5
1600520,197.3
1601544,187.2
1602568,212.3
1603592,189.2
1604616,177.5
1605640,180.8
1606664,186.1
1607688,184.9
1608712,178.0
1609736,190.3
1610760,196.9
1611784,190.7
1612808,189.8
1613832,181.4
1614856,191.1
1615880,170.9
1616904,196.1
1617928,200.9
1618952,191.3
1619976,178.4
1621000,195.2
1622024,199.6
1623048,222.4
1624072,169.6
1625096,186.6
1626120,203.7
1627144,184.0
1628168,192.1
1629192,191.4
1630216,184.9
1631240,208.7
1632264,194.6
1633288,181.7
1634312,209.1
1635336,186.6
1636360,191.0
1637384,178.1
1638408,190.4
1639432,202.3
1640456,185.1
1641480,195.1
1642504,194.8
1643528,185.6
1644552,189.7
1645576,175.2
1646600,184.7
1647624,190.1
1648648,195.4
1649672,188.3
1650696,178.5
1651720,192.3
1652744,200.1
1653768,190.1
1654792,194.6
1655816,196.0
1656840,196.3
1657864,189.3
1658888,191.1
1659912,189.5
1660936,187.1
1661960,188.5
1662984,203.9
1664008,206.9
1665032,216.3
1666056,190.7
1667080,193.7
1668104,183.6
1669128,188.8
1670152,186.2
1671176,192.2
1672200,217.5
1673224,212.9
1674248,174.3
1675272,182.6
1676296,205.5
1677320,179.1
1678344,171.8
1679368,189.1
1680392,183.5
1681416,177.2
1682440,190.0
1683464,186.6
1684488,182.0
1685512,197.2
1686536,198.8
1687560,198.8
1688584,232.7
1689608,271.0
1690632,319.0
1691656,297.4
1692680,322.8
1693704,387.5
1694728,360.8
1695752,341.4
1696776,358.6
1697800,356.7
1698824,261.6
1699848,212.2
1700872,211.5
1701896,195.5
1702920,198.2
1703944,218.5
1704968,216.6
1705992,220.7
1707016,198.0
1708040,202.7
1709064,223.2
1710088,225.4
1711112,221.6
1712136,199.2
1713160,227.9
1714184,213.8
1715208,222.1
1716232,215.6
1717256,210.5
1718280,215.2
1719304,204.4
1720328,216.6
1721352,205.3
1722376,216.9
1723400,209.4
1724424,206.2
1725448,198.1
1726472,215.1
1727496,209.7
1728520,239.2
1729544,219.5
1730568,194.3
1731592,218.3
1732616,202.0
1733640,214.8
1734664,220.2
1735688,212.2
1736712,211.5
1737736,209.4
1738760,208.1
1739784,230.9
1740808,204.8
1741832,204.8
1742856,212.0
1743880,227.2
1744904,218.5
1745928,216.8
1746952,201.7
1747976,222.7
1749000,210.3
1750024,203.1
1751048,203.1
1752072,228.0
1753096,232.1
1754120,213.6
1755144,215.1
1756168,200.4
1757192,201.4
1758216,206.8
1759240,197.7
1760264,202.9
1761288,195.9
1762312,211.6
1763336,214.4
1764360,205.2
1765384,191.8
1766408,192.7
1767432,214.6
1768456,195.0
1769480,219.9
1770504,205.0
1771528,211.6
1772552,200.8
1773576,197.6
1774600,193.3
1775624,195.0
1776648,207.8
1777672,194.1
1778696,206.4
1779720,208.8
1780744,217.0
1781768,192.3
1782792,205.3
1783816,207.5
1784840,218.8
1785864,222.1
1786888,213.9
1787912,208.8
1788936,203.4
1789960,197.0
1790984,202.5
1792008,215.3
1793032,211.5
1794056,208.0
1795080,189.0
1796104,198.5
1797128,194.5
1798152,234.5
1799176,247.4
1800200,220.9
1801224,215.2
1802248,227.1
1803272,218.8
1804296,232.3
1805320,212.5
1806344,208.8
1807368,216.1
1808392,214.9
1809416,205.7
1810440,204.3
1811464,232.4
1812488,213.3
1813512,228.4
1814536,207.3
1815560,210.2
1816584,213.3
1817608,204.6
1818632,225.6
1819656,210.3
1820680,224.9
1821704,206.2
1822728,212.2
1823752,198.7
1824776,199.1
1825800,216.3
1826824,215.7
1827848,224.8
1828872,214.2
1829896,225.2
1830920,208.8
1831944,210.5
1832968,210.7
1833992,219.6
1835016,213.2
1836040,230.6
1837064,214.9
1838088,217.8
1839112,212.4
1840136,203.8
1841160,207.9
1842184,214.2
1843208,222.1
1844232,223.9
1845256,213.7
1846280,212.0
1847304,216.9
1848328,215.6
1849352,215.1
1850376,205.3
1851400,212.2
1852424,187.4
1853448,195.2
1854472,190.2
1855496,202.0
1856520,220.9
1857544,205.3
1858568,194.8
1859592,188.3
1860616,191.8
1861640,199.8
1862664,193.6
1863688,195.6
1864712,198.9
1865736,204.2
1866760,185.7
1867784,193.2
1868808,202.0
1869832,203.9
1870856,203.1
1871880,200.9
1872904,235.6
1873928,244.7
1874952,223.2
1875976,230.1
1877000,236.8
1878024,219.4
1879048,230.3
1880072,262.8
1881096,219.2
1882120,211.0
1883144,220.7
1884168,236.2
1885192,219.5
1886216,204.2
1887240,225.0
1888264,211.0
1889288,239.0
1890312,207.5
1891336,204.1
1892360,196.7
1893384,219.8
1894408,203.0
1895432,232.0
1896456,205.9
1897480,224.1
1898504,213.1
1899528,224.3
1900552,225.2
1901576,215.7
1902600,221.1
1903624,247.1
1904648,228.4
1905672,222.2
1906696,223.7
1907720,214.8
1908744,227.2
1909768,229.8
1910792,227.4
1911816,227.6
1912840,251.0
1913864,207.6
1914888,222.0
1915912,222.6
1916936,221.6
1917960,233.1
1918984,262.4
1920008,215.3
1921032,214.7
1922056,213.0
1923080,234.2
1924104,240.4
1925128,238.3
1926152,221.1
1927176,234.7
1928200,233.0
1929224,223.2
1930248,227.4
1931272,240.4
1932296,238.3
1933320,236.5
1934344,242.4
1935368,238.0
1936392,223.9
1937416,214.0
1938440,233.5
1939464,232.1
1940488,229.0
1941512,223.3
1942536,229.8
1943560,211.1
1944584,213.9
1945608,207.4
1946632,219.4
1947656,241.6
1948680,215.8
1949704,209.6
1950728,215.1
1951752,220.1
1952776,221.1
1953800,233.4
1954824,219.3
1955848,231.5
1956872,227.8
1957896,219.2
1958920,205.9
1959944,235.5
1960968,226.9
1961992,237.7
1963016,223.0
1964040,208.7
1965064,216.5
1966088,229.3
1967112,247.0
1968136,216.2
1969160,217.9
1970184,210.5
1971208,243.6
1972232,207.1
1973256,215.3
1974280,205.6
1975304,226.5
1976328,209.0
1977352,220.8
1978376,212.8
1979400,214.2
1980424,227.0
1981448,210.2
1982472,234.9
1983496,201.4
1984520,208.6
1985544,200.8
1986568,210.7
1987592,217.0
1988616,213.6
1989640,215.9
1990664,241.9
1991688,208.1
1992712,212.8
1993736,220.9
1994760,228.2
1995784,255.1
1996808,213.4
1997832,219.7
1998856,230.7
1999880,230.3
2000904,232.9
2001928,218.4
2002952,261.1
2003976,224.6
2005000,221.7
2006024,243.6
2007048,255.5
2008072,227.8
2009096,212.9
2010120,238.5
2011144,220.3
2012168,231.9
2013192,219.2
2014216,257.6
2015240,226.1
2016264,235.9
2017288,228.1
2018312,242.4
2019336,217.7
2020360,238.2
2021384,282.8
2022408,259.7
2023432,216.8
2024456,229.1
2025480,270.0
2026504,222.6
2027528,228.7
2028552,232.1
2029576,222.9
2030600,232.0
2031624,237.3
2032648,219.6
2033672,228.7
2034696,236.5
2035720,239.5
2036744,208.8
2037768,262.4
2038792,237.2
2039816,256.9
2040840,249.7
2041864,228.2
2042888,236.7
2043912,237.4
2044936,246.9
2045960,235.6
2046984,233.3
2048008,242.5
2049032,228.4
2050056,229.1
2051080,229.4
2052104,229.7
2053128,226.6
2054152,217.9
2055176,223.9
2056200,227.7
2057224,224.4
2058248,236.7
2059272,226.8
2060296,218.9
2061320,240.3
2062344,226.6
2063368,219.5
2064392,219.0
2065416,238.9
2066440,233.4
2067464,212.9
2068488,238.0
2069512,223.7
2070536,237.1
2071560,236.9
2072584,230.9
2073608,230.4
2074632,260.0
2075656,241.7
2076680,240.4
2077704,227.5
2078728,226.2
2079752,234.2
2080776,243.6
2081800,224.8
2082824,229.3
2083848,240.2
2084872,223.8
2085896,236.6
2086920,238.0
2087944,220.6
2088968,261.4
2089992,378.2
2091016,404.0
2092040,415.2
2093064,359.9
2094088,278.5
2095112,236.0
2096136,242.3
2097160,262.3
2098184,238.5
2099208,241.5
2100232,254.7
2101256,242.2
2102280,246.2
2103304,239.7
2104328,239.2
2105352,245.4
2106376,233.4
2107400,257.6
2108424,253.2
2109448,263.4
2110472,237.4
2111496,264.0
2112520,243.2
2113544,254.6
2114568,251.5
2115592,252.5
2116616,250.7
2117640,251.5
2118664,239.5
2119688,249.8
2120712,252.7
2121736,272.9
2122760,244.9
2123784,249.3
2124808,241.4
2125832,255.7
2126856,247.7
2127880,255.3
2128904,254.2
2129928,256.0
2130952,246.8
2131976,259.9
2133000,255.3
2134024,258.2
2135048,248.6
2136072,260.8
2137096,257.4
2138120,256.3
2139144,240.8
2140168,253.8
2141192,282.7
2142216,247.8
2143240,245.6
2144264,242.4
2145288,269.8
2146312,276.1
2147336,240.2
2148360,252.8
2149384,248.3
2150408,256.1
2151432,250.9
2152456,247.1
2153480,246.0
2154504,249.3
2155528,270.0
2156552,256.0
2157576,244.5
2158600,251.2
2159624,263.9
2160648,245.2
2161672,258.2
2162696,265.0
2163720,254.5
2164744,244.2
2165768,238.4
2166792,249.6
2167816,255.7
2168840,263.0
2169864,239.3
2170888,298.6
2171912,263.4
2172936,256.6
2173960,254.0
2174984,260.8
2176008,246.3
2177032,247.6
2178056,260.3
2179080,259.0
2180104,253.2
2181128,253.6
2182152,261.7
2183176,264.3
2184200,265.4
2185224,254.8
2186248,242.6
2187272,260.3
2188296,254.0
2189320,241.0
2190344,270.9
2191368,262.5
2192392,259.4
2193416,259.6
2194440,268.9
2195464,270.1
2196488,255.1
2197512,263.7
2198536,258.8
2199560,251.7
2200584,256.7
2201608,255.1
2202632,251.1
2203656,252.2
2204680,263.7
2205704,257.9
2206728,268.3
2207752,252.7
2208776,255.1
2209800,245.0
2210824,252.4
2211848,249.2
2212872,266.2
2213896,292.6
2214920,266.2
2215944,247.2
2216968,276.4
2217992,260.9
2219016,300.0
2220040,247.9
2221064,264.4
2222088,254.9
2223112,258.9
2224136,258.5
2225160,249.9
2226184,264.2
2227208,255.4
2228232,276.1
2229256,265.0
2230280,249.4
2231304,259.8
2232328,248.4
2233352,267.7
2234376,272.6
2235400,267.9
2236424,260.4
2237448,265.6
2238472,271.2
2239496,273.0
2240520,266.4
2241544,265.3
2242568,265.2
2243592,268.0
2244616,263.1
2245640,268.6
2246664,258.3
2247688,265.1
2248712,252.5
2249736,258.0
2250760,261.8
2251784,283.5
2252808,254.5
2253832,285.2
2254856,254.8
2255880,266.3
2256904,262.7
2257928,270.0
2258952,257.7
2259976,267.3
2261000,270.4
2262024,271.8
2263048,270.9
2264072,259.7
2265096,292.1
2266120,272.0
2267144,278.1
2268168,283.2
2269192,252.0
2270216,264.7
2271240,268.6
2272264,260.6
2273288,271.4
2274312,259.1
2275336,261.2
2276360,263.6
2277384,249.8
2278408,282.4
2279432,263.0
2280456,278.6
2281480,259.4
2282504,248.3
2283528,270.3
2284552,281.8
2285576,265.7
2286600,287.8
2287624,265.5
2288648,274.3
2289672,294.7
2290696,262.7
2291720,288.4
2292744,279.2
2293768,265.6
2294792,258.9
2295816,258.3
2296840,264.2
2297864,267.5
2298888,249.4
2299912,260.5
2300936,272.1
2301960,271.0
2302984,257.9
2304008,272.9
2305032,263.8
2306056,267.3
2307080,274.7
2308104,275.8
2309128,277.1
2310152,266.3
2311176,296.8
2312200,268.2
2313224,271.0
2314248,289.5
2315272,291.0
2316296,264.2
2317320,262.0
2318344,273.1
2319368,266.6
2320392,253.3
2321416,269.9
2322440,272.1
2323464,265.4
2324488,273.1
2325512,261.8
2326536,265.5
2327560,257.1
2328584,287.3
2329608,266.7
2330632,247.5
2331656,256.5
2332680,264.5
2333704,283.0
2334728,281.6
2335752,274.9
2336776,259.5
2337800,280.6
2338824,263.3
2339848,267.4
2340872,257.3
2341896,251.5
2342920,279.6
2343944,276.6
2344968,270.5
2345992,281.0
2347016,288.0
2348040,264.4
2349064,272.4
2350088,277.2
2351112,273.5
2352136,278.7
2353160,263.1
2354184,279.1
2355208,271.0
2356232,297.1
2357256,282.4
2358280,273.0
2359304,274.5
2360328,277.9
2361352,273.4
2362376,263.3
2363400,283.8
2364424,268.2
2365448,295.1
2366472,272.4
2367496,265.8
2368520,285.0
2369544,287.7
2370568,298.8
2371592,274.5
2372616,274.0
2373640,298.9
2374664,266.9
2375688,306.3
2376712,288.5
2377736,284.7
2378760,286.6
2379784,279.0
2380808,274.7
2381832,281.9
2382856,284.5
2383880,280.9
2384904,275.1
2385928,266.7
2386952,288.8
2387976,291.3
2389000,277.9
2390024,262.7
2391048,279.4
2392072,283.8
2393096,271.9
2394120,282.8
2395144,288.7
2396168,300.0
2397192,271.7
2398216,280.7
2399240,285.9
2400264,297.6
2401288,280.7
2402312,284.2
2403336,290.7
2404360,283.6
2405384,265.3
2406408,283.4
2407432,271.2
2408456,288.8
2409480,284.7
2410504,295.7
2411528,276.9
2412552,266.4
2413576,270.8
2414600,304.4
2415624,271.4
2416648,290.2
2417672,289.4
2418696,285.9
2419720,283.4
2420744,295.8
2421768,300.7
2422792,287.1
2423816,284.6
2424840,367.9
2425864,482.5
2426888,443.2
2427912,496.9
2428936,330.2
2429960,303.7
2430984,273.9
2432008,287.9
2433032,270.2
2434056,279.0
2435080,276.4
2436104,276.7
2437128,298.5
2438152,269.8
2439176,275.3
2440200,303.0
2441224,313.5
2442248,281.8
2443272,293.3
2444296,288.8
2445320,272.7
2446344,275.6
2447368,285.6
2448392,298.7
2449416,284.3
2450440,289.5
2451464,270.3
2452488,284.1
2453512,296.6
2454536,297.5
2455560,300.0
2456584,273.1
2457608,280.2
2458632,306.1
2459656,283.4
2460680,309.9
2461704,295.9
2462728,299.7
2463752,295.1
2464776,288.2
2465800,274.7
2466824,285.4
2467848,284.4
2468872,278.7
2469896,291.7
2470920,278.7
2471944,282.7
2472968,280.8
2473992,289.5
2475016,280.8
2476040,320.8
2477064,289.5
2478088,278.5
2479112,283.5
2480136,286.6
2481160,292.4
2482184,280.9
2483208,282.2
2484232,292.9
2485256,290.0
2486280,290.6
2487304,289.2
2488328,284.9
2489352,282.4
2490376,287.5
2491400,303.5
2492424,290.6
2493448,269.7
2494472,286.3
2495496,273.7
2496520,333.3
2497544,285.3
2498568,294.2
2499592,297.3
2500616,287.7
2501640,321.8
2502664,290.7
2503688,286.3
2504712,307.7
2505736,286.3
2506760,285.4
2507784,323.4
2508808,305.7
2509832,283.3
2510856,301.3
2511880,285.3
2512904,295.2
2513928,301.0
2514952,301.3
2515976,292.2
2517000,303.9
2518024,301.5
2519048,289.5
2520072,311.8
2521096,299.0
2522120,297.3
2523144,307.9
2524168,285.4
2525192,291.0
2526216,300.7
2527240,294.0
2528264,283.0
2529288,291.0
2530312,296.5
2531336,297.7
2532360,285.1
2533384,297.1
2534408,299.3
2535432,292.4
2536456,278.1
2537480,299.5
2538504,282.5
2539528,298.1
2540552,278.6
2541576,280.5
2542600,303.7
2543624,284.7
2544648,274.0
2545672,277.4
2546696,444.0
2547720,370.0
2548744,301.6
2549768,303.3
2550792,283.5
2551816,300.3
2552840,303.6
2553864,273.4
2554888,297.1
2555912,306.7
2556936,301.0
2557960,300.3
2558984,316.6
2560008,297.8
2561032,294.9
2562056,296.2
2563080,290.4
2564104,305.2
2565128,294.9
2566152,301.6
2567176,324.9
2568200,299.2
2569224,300.5
2570248,306.3
2571272,281.6
2572296,311.2
2573320,299.7
2574344,311.0
2575368,292.7
2576392,309.4
2577416,301.7
2578440,309.2
2579464,290.1
2580488,291.7
2581512,296.4
2582536,300.7
2583560,303.2
2584584,300.1
2585608,314.8
2586632,312.4
2587656,294.9
2588680,299.0
2589704,290.0
2590728,313.9
2591752,300.0
2592776,314.4
2593800,316.9
2594824,299.4
2595848,309.6
2596872,298.6
2597896,289.7
2598920,295.5
2599944,297.1
2600968,284.9
2601992,307.4
2603016,291.5
2604040,328.6
2605064,296.7
2606088,298.9
2607112,321.2
2608136,292.6
2609160,302.4
2610184,292.3
2611208,347.5
2612232,313.0
2613256,324.6
2614280,299.5
2615304,294.7
2616328,309.5
2617352,305.7
2618376,307.2
2619400,338.9
2620424,307.3
2621448,311.4
2622472,318.4
2623496,312.8
2624520,311.7
2625544,313.5
2626568,305.3
2627592,310.0
2628616,315.8
2629640,306.4
2630664,319.0
2631688,320.0
2632712,297.2
2633736,296.0
2634760,292.8
2635784,303.3
2636808,320.5
2637832,319.7
2638856,316.9
2639880,289.8
2640904,291.1
2641928,309.5
2642952,321.8
2643976,293.3
2645000,293.1
2646024,295.8
2647048,317.0
2648072,299.9
2649096,570.3
2650120,330.0
2651144,313.4
2652168,326.2
2653192,301.0
2654216,308.3
2655240,307.9
2656264,322.1
2657288,306.1
2658312,324.4
2659336,305.8
2660360,339.0
2661384,292.6
2662408,322.4
2663432,324.9
2664456,328.1
2665480,308.1
2666504,332.2
2667528,303.0
2668552,337.3
2669576,311.4
2670600,315.0
2671624,328.1
2672648,306.9
2673672,320.2
2674696,295.8
2675720,304.0
2676744,325.7
2677768,314.2
2678792,324.0
2679816,304.8
2680840,320.9
2681864,302.1
2682888,327.1
2683912,290.8
2684936,312.2
2685960,346.8
2686984,312.2
2688008,325.6
2689032,304.5
2690056,294.5
2691080,328.6
2692104,313.9
2693128,308.8
2694152,309.8
2695176,311.9
2696200,302.0
2697224,311.7
2698248,315.2
2699272,315.2
2700296,310.3
2701320,330.8
2702344,310.9
2703368,315.3
2704392,315.8
2705416,352.2
2706440,345.0
2707464,312.8
2708488,320.0
2709512,305.6
2710536,323.9
2711560,323.8
2712584,311.4
2713608,323.5
2714632,315.6
2715656,320.7
2716680,307.4
2717704,352.6
2718728,503.0
2719752,492.8
2720776,578.3
2721800,597.5
2722824,540.5
2723848,458.7
2724872,300.5
2725896,298.8
2726920,318.5
2727944,323.2
2728968,300.0
2729992,310.6
2731016,307.1
2732040,307.7
2733064,313.8
2734088,343.3
2735112,310.0
2736136,305.9
2737160,330.2
2738184,325.3
2739208,339.8
2740232,351.5
2741256,308.3
2742280,317.7
2743304,327.6
2744328,312.9
2745352,320.3
2746376,337.1
2747400,309.3
2748424,310.6
2749448,320.8
2750472,315.7
2751496,332.0
2752520,321.7
2753544,314.1
2754568,327.4
2755592,316.2
2756616,339.1
2757640,326.4
2758664,343.2
2759688,322.8
2760712,333.5
2761736,335.2
2762760,343.1
2763784,326.8
2764808,329.8
2765832,319.9
2766856,320.0
2767880,309.7
2768904,320.2
2769928,310.0
2770952,318.5
2771976,343.2
2773000,325.5
2774024,321.8
2775048,344.9
2776072,336.3
2777096,356.7
2778120,323.6
2779144,324.4
2780168,326.0
2781192,331.1
2782216,320.5
2783240,330.4
2784264,331.9
2785288,327.1
2786312,326.6
2787336,331.7
2788360,311.7
2789384,302.6
2790408,331.6
2791432,319.8
2792456,333.0
2793480,330.9
2794504,330.5
2795528,331.7
2796552,323.7
2797576,317.6
2798600,334.0
2799624,319.5
2800648,325.8
2801672,327.5
2802696,312.1
2803720,329.3
2804744,320.5
2805768,302.5
2806792,319.1
2807816,315.6
2808840,314.2
2809864,322.5
2810888,326.2
2811912,315.5
2812936,322.7
2813960,318.3
2814984,350.8
2816008,329.8
2817032,335.7
2818056,316.5
2819080,324.4
2820104,324.6
2821128,331.9
2822152,313.0
2823176,333.4
2824200,362.6
2825224,336.7
2826248,310.9
2827272,315.3
2828296,377.4
2829320,333.6
2830344,334.6
2831368,306.6
2832392,321.7
2833416,367.5
2834440,318.9
2835464,354.6
2836488,325.3
2837512,317.7
2838536,340.9
2839560,318.4
2840584,317.7
2841608,336.8
2842632,328.8
2843656,342.3
2844680,356.7
2845704,340.7
2846728,319.6
2847752,348.5
2848776,333.9
2849800,330.3
2850824,344.7
2851848,368.9
2852872,375.1
2853896,345.4
2854920,309.7
2855944,325.5
2856968,308.5
2857992,333.7
2859016,345.2
2860040,348.6
2861064,335.1
2862088,329.0
2863112,345.7
2864136,335.0
2865160,335.8
2866184,342.2
2867208,335.1
2868232,337.3
2869256,367.5
2870280,320.5
2871304,319.2
2872328,329.0
2873352,333.0
2874376,319.9
2875400,337.8
2876424,360.2
2877448,319.1
2878472,321.0
2879496,359.4
2880520,342.9
2881544,314.8
2882568,315.1
2883592,342.2
2884616,322.4
2885640,333.3
2886664,336.8
2887688,355.9
2888712,333.0
2889736,327.3
2890760,327.6
2891784,311.4
2892808,345.3
2893832,329.3
2894856,339.8
2895880,349.2
2896904,335.6
2897928,328.6
2898952,320.5
2899976,334.2
2901000,323.5
2902024,329.4
2903048,337.2
2904072,323.7
2905096,369.5
2906120,362.8
2907144,320.1
2908168,325.9
2909192,324.9
2910216,339.8
2911240,341.2
2912264,359.3
2913288,324.4
2914312,334.3
2915336,347.0
2916360,331.5
2917384,334.3
2918408,343.9
2919432,331.1
2920456,312.0
2921480,340.1
2922504,350.2
2923528,334.6
2924552,368.2
2925576,341.0
2926600,346.7
2927624,345.2
2928648,330.6
2929672,336.5
2930696,353.1
2931720,383.8
2932744,337.1
2933768,345.9
2934792,324.2
2935816,341.1
2936840,340.5
2937864,328.5
2938888,337.8
2939912,346.8
2940936,358.0
2941960,380.0
2942984,380.4
2944008,341.4
2945032,332.0
2946056,326.6
2947080,346.4
2948104,347.0
2949128,348.4
2950152,329.2
2951176,329.3
2952200,347.2
2953224,346.1
2954248,343.8
2955272,349.1
2956296,336.4
2957320,352.4
2958344,337.0
2959368,349.8
2960392,341.8
2961416,343.4
2962440,338.4
2963464,335.2
2964488,344.3
2965512,367.6
2966536,358.9
2967560,348.2
2968584,338.0
2969608,340.9
2970632,339.5
2971656,363.0
2972680,333.6
2973704,345.2
2974728,349.6
2975752,342.0
2976776,368.5
2977800,347.4
2978824,349.1
2979848,408.3
2980872,571.3
2981896,549.1
2982920,512.9
2983944,339.3
2984968,596.0
2985992,349.3
2987016,336.6
2988040,336.0
2989064,342.6
2990088,338.4
2991112,351.8
2992136,369.8
2993160,341.3
2994184,342.9
2995208,358.2
2996232,347.6
2997256,360.9
2998280,345.7
2999304,344.2
3000328,355.3
3001352,348.2
3002376,348.6
3003400,340.4
3004424,354.1
3005448,332.4
3006472,362.7
3007496,350.3
3008520,353.3
3009544,380.4
3010568,370.5
3011592,338.2
3012616,348.5
3013640,365.0
3014664,341.6
3015688,330.7
3016712,343.4
3017736,374.3
3018760,383.3
3019784,345.9
3020808,347.0
3021832,356.2
3022856,366.2
3023880,378.2
3024904,348.0
3025928,391.8
3026952,343.3
3027976,347.1
3029000,344.6
3030024,349.1
3031048,349.1
3032072,360.1
3033096,373.4
3034120,344.2
3035144,345.7
3036168,347.5
3037192,351.6
3038216,369.7
3039240,336.6
3040264,348.1
3041288,350.5
3042312,341.6
3043336,370.3
3044360,349.0
3045384,338.6
3046408,356.3
3047432,348.5
3048456,338.7
3049480,348.8
3050504,325.6
3051528,343.2
3052552,347.9
3053576,343.3
3054600,327.7
3055624,364.7
3056648,355.7
3057672,381.7
3058696,355.4
3059720,352.1
3060744,391.0
3061768,362.3
3062792,365.0
3063816,345.0
3064840,349.8
3065864,349.5
3066888,353.1
3067912,365.2
3068936,356.4
3069960,348.2
3070984,343.1
3072008,355.9
3073032,354.7
3074056,330.1
3075080,335.3
3076104,346.6
3077128,346.0
3078152,375.0
3079176,370.2
3080200,360.0
3081224,325.1
3082248,356.0
3083272,332.6
3084296,339.2
3085320,337.8
3086344,366.1
3087368,356.5
3088392,359.6
3089416,345.3
3090440,348.3
3091464,338.1
3092488,357.1
3093512,355.4
3094536,372.0
3095560,386.9
3096584,333.7
3097608,364.1
3098632,361.0
3099656,373.2
3100680,390.0
3101704,358.0
3102728,363.4
3103752,318.0
3104776,385.4
3105800,350.4
3106824,360.8
3107848,340.8
3108872,342.3
3109896,347.1
3110920,383.1
3111944,342.4
3112968,352.8
3113992,376.9
3115016,387.8
3116040,359.7
3117064,358.6
3118088,353.7
3119112,349.1
3120136,357.0
3121160,358.8
3122184,372.3
3123208,394.9
3124232,356.9
3125256,364.6
3126280,374.1
3127304,354.6
3128328,401.5
3129352,370.2
3130376,376.9
3131400,346.7
3132424,360.6
3133448,355.9
3134472,375.6
3135496,364.9
3136520,349.2
3137544,361.4
3138568,356.6
3139592,356.9
3140616,351.4
3141640,347.7
3142664,342.7
3143688,341.8
3144712,382.6
3145736,362.4
3146760,361.8
3147784,376.9
3148808,345.1
3149832,384.2
3150856,362.9
3151880,366.8
3152904,390.8
3153928,368.0
3154952,369.5
3155976,380.7
3157000,361.1
3158024,372.6
3159048,381.5
3160072,364.6
3161096,355.0
3162120,379.4
3163144,364.3
3164168,399.8
3165192,366.6
3166216,375.6
3167240,364.1
3168264,375.7
3169288,358.9
3170312,381.1
3171336,364.1
3172360,364.0
3173384,367.4
3174408,389.7
3175432,368.1
3176456,373.2
3177480,390.6
3178504,389.4
3179528,350.7
3180552,356.4
3181576,372.0
3182600,370.9
3183624,356.7
3184648,377.2
3185672,372.0
3186696,367.2
3187720,367.8
3188744,367.9
3189768,363.8
3190792,351.5
3191816,374.0
3192840,362.5
3193864,382.3
3194888,391.3
3195912,380.6
3196936,367.3
3197960,362.1
3198984,369.0
3200008,375.8
3201032,378.9
3202056,420.2
3203080,360.1
3204104,367.1
3205128,353.1
3206152,368.8
3207176,377.0
3208200,394.0
3209224,368.8
3210248,429.5
3211272,356.8
3212296,383.9
3213320,372.5
3214344,384.8
3215368,363.8
3216392,374.5
3217416,362.0
3218440,327.4
3219464,364.8
3220488,332.8
3221512,348.3
3222536,338.6
3223560,396.4
3224584,578.7
3225608,645.3
3226632,486.3
3227656,330.7
3228680,334.8
3229704,341.3
3230728,336.2
3231752,365.9
3232776,344.5
3233800,360.0
3234824,360.1
3235848,364.2
3236872,363.3
3237896,335.1
3238920,335.8
3239944,358.5
3240968,346.6
3241992,396.7
3243016,331.4
3244040,340.3
3245064,382.7
3246088,366.8
3247112,351.4
3248136,340.5
3249160,357.2
3250184,363.3
3251208,339.9
3252232,365.1
3253256,369.2
3254280,374.2
3255304,359.4
3256328,346.9
3257352,342.4
3258376,353.1
3259400,352.0
3260424,393.1
3261448,367.0
3262472,364.4
3263496,344.8
3264520,357.9
3265544,360.4
3266568,401.8
3267592,354.5
3268616,346.1
3269640,349.7
3270664,361.0
3271688,373.1
3272712,362.0
3273736,366.6
3274760,376.0
3275784,351.5
3276808,354.7
3277832,353.8
3278856,354.6
3279880,325.4
3280904,365.3
3281928,364.1
3282952,348.6
3283976,341.4
3285000,349.1
3286024,366.9
3287048,364.0
3288072,344.8
3289096,358.8
3290120,361.8
3291144,339.9
3292168,381.6
3293192,351.8
3294216,345.3
3295240,365.7
3296264,375.0
3297288,379.5
3298312,360.9
3299336,381.7
3300360,392.0
3301384,386.5
3302408,434.7
3303432,394.2
3304456,395.1
3305480,366.2
3306504,381.2
3307528,416.8
3308552,400.3
3309576,373.2
3310600,375.1
3311624,423.3
3312648,369.1
3313672,401.4
3314696,379.2
3315720,352.3
3316744,381.7
3317768,398.5
3318792,368.2
3319816,364.8
3320840,398.8
3321864,370.8
3322888,375.6
3323912,411.1
3324936,392.7
3325960,362.2
3326984,366.5
3328008,365.0
3329032,380.5
3330056,356.7
3331080,366.0
3332104,382.8
3333128,367.4
3334152,369.7
3335176,376.6
3336200,372.0
3337224,365.0
3338248,384.0
3339272,365.3
3340296,402.8
3341320,369.3
3342344,379.1
3343368,361.6
3344392,393.0
3345416,394.3
3346440,373.6
3347464,378.6
3348488,405.6
3349512,394.9
3350536,390.9
3351560,385.2
3352584,390.3
3353608,379.5
3354632,369.0
3355656,425.9
3356680,408.3
3357704,383.1
3358728,382.0
3359752,360.7
3360776,399.0
3361800,376.3
3362824,368.1
3363848,383.4
3364872,392.7
3365896,384.6
3366920,387.3
3367944,406.0
3368968,370.4
3369992,377.1
3371016,369.7
3372040,388.0
3373064,369.1
3374088,388.2
3375112,393.6
3376136,383.6
3377160,383.4
3378184,371.3
3379208,375.0
3380232,428.2
3381256,368.9
3382280,388.7
3383304,383.5
3384328,387.7
3385352,376.4
3386376,406.3
3387400,397.4
3388424,382.2
3389448,378.3
3390472,374.3
3391496,381.0
3392520,401.3
3393544,375.0
3394568,374.3
3395592,383.8
3396616,367.8
3397640,379.5
3398664,375.1
3399688,397.2
3400712,369.7
3401736,367.5
3402760,401.6
3403784,375.2
3404808,389.8
3405832,380.2
3406856,381.6
3407880,375.3
3408904,382.2
3409928,368.7
3410952,377.1
3411976,392.8
3413000,372.9
3414024,395.4
3415048,370.6
3416072,365.6
3417096,364.9
3418120,401.1
3419144,383.9
3420168,383.8
3421192,368.2
3422216,379.7
3423240,398.2
3424264,412.1
3425288,400.5
3426312,384.2
3427336,371.9
3428360,380.8
3429384,380.2
3430408,380.7
3431432,395.2
3432456,386.7
3433480,368.2
3434504,397.3
3435528,398.9
3436552,389.1
3437576,384.0
3438600,375.0
3439624,406.6
3440648,397.3
3441672,395.3
3442696,403.9
3443720,369.5
3444744,370.8
3445768,393.0
3446792,391.9
3447816,359.6
3448840,370.0
3449864,398.2
3450888,382.4
3451912,383.3
3452936,406.7
3453960,397.9
3454984,586.2
3456008,741.3
3457032,720.1
3458056,670.8
3459080,647.2
3460104,417.4
3461128,394.9
3462152,374.2
3463176,407.5
3464200,372.8
3465224,388.9
3466248,391.0
3467272,390.8
3468296,382.5
3469320,410.9
3470344,394.2
3471368,405.7
3472392,406.1
3473416,382.8
3474440,398.5
3475464,396.4
3476488,398.3
3477512,376.8
3478536,395.7
3479560,416.5
3480584,398.6
3481608,422.8
3482632,393.2
3483656,385.4
3484680,395.2
3485704,402.1
3486728,388.4
3487752,378.6
3488776,372.8
3489800,391.7
3490824,385.9
3491848,420.3
3492872,383.7
3493896,376.9
3494920,375.1
3495944,396.6
3496968,403.1
3497992,391.8
3499016,378.1
3500040,395.0
3501064,391.3
3502088,410.7
3503112,398.8
3504136,404.4
3505160,389.6
3506184,378.0
3507208,414.8
3508232,400.7
3509256,397.4
3510280,417.2
3511304,394.9
3512328,420.6
3513352,383.1
3514376,409.1
3515400,405.8
3516424,406.3
3517448,402.6
3518472,432.9
3519496,368.2
3520520,395.7
3521544,406.4
3522568,409.8
3523592,386.2
3524616,390.3
3525640,386.4
3526664,399.9
3527688,406.7
3528712,420.3
3529736,369.1
3530760,414.3
3531784,393.9
3532808,405.7
3533832,380.2
3534856,394.8
3535880,404.5
3536904,417.2
3537928,408.4
3538952,398.1
3539976,417.0
3541000,430.9
3542024,403.3
3543048,414.6
3544072,403.0
3545096,395.0
3546120,400.9
3547144,401.4
3548168,395.2
3549192,385.0
3550216,389.3
3551240,415.6
3552264,419.3
3553288,395.4
3554312,372.5
3555336,398.2
3556360,400.3
3557384,408.4
3558408,388.6
3559432,397.2
3560456,393.9
3561480,422.5
3562504,401.1
3563528,403.2
3564552,401.7
3565576,403.6
3566600,413.3
3567624,419.0
3568648,401.1
3569672,433.8
3570696,415.3
3571720,407.9
3572744,418.7
3573768,389.6
3574792,411.7
3575816,407.5
3576840,386.8
3577864,402.4
3578888,406.1
3579912,401.8
3580936,415.7
3581960,445.1
3582984,438.0
3584008,431.6
3585032,397.0
3586056,405.9
3587080,426.9
3588104,406.4
3589128,410.7
3590152,432.0
3591176,419.2
3592200,437.3
3593224,393.2
3594248,408.7
3595272,397.8
3596296,437.4
3597320,401.1
3598344,411.6
3599368,422.9
3600392,391.0
3601416,361.6
3602440,391.6
3603464,384.4
3604488,372.7
3605512,386.6
3606536,385.3
3607560,396.8
3608584,398.4
3609608,408.5
3610632,775.3
3611656,442.3
3612680,400.5
3613704,412.7
3614728,408.1
3615752,422.5
3616776,425.6
3617800,880.5
3618824,391.8
3619848,408.7
3620872,394.4
3621896,422.7
3622920,416.4
3623944,406.4
3624968,439.2
3625992,434.0
3627016,431.5
3628040,415.1
3629064,408.6
3630088,414.2
3631112,401.1
3632136,417.0
3633160,392.7
3634184,455.3
3635208,407.6
3636232,408.9
3637256,410.6
3638280,409.6
3639304,431.5
3640328,402.9
3641352,412.2
3642376,398.2
3643400,404.5
3644424,435.4
3645448,436.8
3646472,413.4
3647496,424.6
3648520,415.5
3649544,412.6
3650568,402.4
3651592,406.8
3652616,419.8
3653640,421.6
3654664,417.1
3655688,420.2
3656712,414.8
3657736,422.4
3658760,394.2
3659784,392.6
3660808,432.0
3661832,423.8
3662856,417.0
3663880,415.4
3664904,419.3
3665928,460.9
3666952,774.2
3667976,742.7
3669000,461.0
3670024,400.0
3671048,407.4
3672072,419.0
3673096,411.3
3674120,417.3
3675144,417.4
3676168,409.4
3677192,425.0
3678216,412.7
3679240,424.7
3680264,440.3
3681288,436.7
3682312,397.4
3683336,411.4
3684360,406.8
3685384,418.1
3686408,438.0
3687432,438.3
3688456,414.3
3689480,420.9
3690504,435.4
3691528,426.9
3692552,415.4
3693576,420.8
3694600,440.5
3695624,446.6
3696648,422.2
3697672,408.5
3698696,424.9
3699720,398.2
3700744,424.0
3701768,421.1
3702792,428.9
3703816,417.7
3704840,400.9
3705864,426.2
3706888,427.2
3707912,415.1
3708936,433.1
3709960,449.2
3710984,422.8
3712008,438.5
3713032,419.8
3714056,418.0
3715080,429.9
3716104,429.9
3717128,404.4
3718152,432.2
3719176,405.9
3720200,420.8
3721224,443.1
3722248,428.7
3723272,459.7
3724296,444.0
3725320,422.0
3726344,418.3
3727368,432.9
3728392,426.0
3729416,433.3
3730440,415.7
3731464,419.1
3732488,444.1
3733512,435.2
3734536,412.9
3735560,442.9
3736584,449.6
3737608,413.1
3738632,411.9
3739656,438.8
3740680,416.1
3741704,406.7
3742728,433.9
3743752,430.7
3744776,413.7
3745800,421.1
3746824,450.1
3747848,439.2
3748872,415.1
3749896,436.7
3750920,445.6
3751944,412.5
3752968,426.3
3753992,424.4
3755016,427.0
3756040,408.9
3757064,457.8
3758088,440.5
3759112,431.8
3760136,412.3
3761160,429.0
3762184,416.1
3763208,436.9
3764232,441.3
3765256,430.9
3766280,414.6
3767304,427.3
3768328,422.7
3769352,428.5
3770376,440.3
3771400,413.3
3772424,426.3
3773448,426.1
3774472,441.3
3775496,409.1
3776520,431.3
3777544,426.5
3778568,436.3
3779592,424.7
3780616,407.2
3781640,430.9
3782664,414.6
3783688,432.5
3784712,419.2
3785736,407.2
3786760,429.0
3787784,441.7
3788808,422.7
3789832,439.2
3790856,417.6
3791880,414.0
3792904,424.2
3793928,429.9
3794952,583.4
